<?xml version="1.0" encoding="UTF-8"?>
<project-private xmlns="http://www.netbeans.org/ns/project-private/1">
    <editor-bookmarks xmlns="http://www.netbeans.org/ns/editor-bookmarks/2" lastBookmarkId="0"/>
    <open-files xmlns="http://www.netbeans.org/ns/projectui-open-files/2">
        <group>
            <file>file:/C:/Users/13826640608/Documents/NetBeansProjects/Victoria2024/src/hospital20_03/Medico.java</file>
            <file>file:/C:/Users/13826640608/Documents/NetBeansProjects/Victoria2024/src/hospital20_03/Paciente.java</file>
            <file>file:/C:/Users/13826640608/Documents/NetBeansProjects/Victoria2024/src/hospital20_03/Teste.java</file>
            <file>file:/C:/Users/13826640608/Documents/NetBeansProjects/Victoria2024/src/hospital20_03/Internacao.java</file>
            <file>file:/C:/Users/13826640608/Documents/NetBeansProjects/Victoria2024/src/hospital20_03/Enfermeiro.java</file>
        </group>
    </open-files>
</project-private>
